<?xml version="1.0" encoding="UTF-8"?>
<project xmlns="http://maven.apache.org/POM/4.0.0"
         xmlns:xsi="http://www.w3.org/2001/XMLSchema-instance"
         xsi:schemaLocation="http://maven.apache.org/POM/4.0.0 http://maven.apache.org/xsd/maven-4.0.0.xsd">
    <modelVersion>4.0.0</modelVersion>

    <parent>
        <groupId>com.alibaba.nls</groupId>
        <artifactId>nls-sdk-java-examples</artifactId>
        <version>2.0.0</version>
        <relativePath>../pom.xml</relativePath>
    </parent>

    <groupId>com.alibaba.nls</groupId>
    <artifactId>nls-example-vipclient</artifactId>

    <dependencies>
        <dependency>
            <groupId>com.alibaba.nls</groupId>
            <artifactId>nls-vipserver-client</artifactId>
            <version>2.0.4</version>
            <scope>system</scope>
            <systemPath>${basedir}/lib/nls-vipserver-client-2.0.4.jar</systemPath>
        </dependency>
        <dependency>
            <groupId>com.alibaba.nls</groupId>
            <artifactId>tls-common</artifactId>
            <version>1.0.2</version>
            <scope>system</scope>
            <systemPath>${basedir}/lib/tls-common-1.0.2.jar</systemPath>
        </dependency>
        <dependency>
            <groupId>com.alibaba.nls</groupId>
            <artifactId>tls-sslsocketfactory</artifactId>
            <scope>system</scope>
            <version>1.0.3</version>
            <systemPath>${basedir}/lib/tls-sslsocketfactory-1.0.3.jar</systemPath>
        </dependency>
        <dependency>
            <groupId>com.alibaba.nls</groupId>
            <artifactId>vipserver-client</artifactId>
            <version>4.7.6</version>
            <scope>system</scope>
            <systemPath>${basedir}/lib/vipserver-client-4.7.6.jar</systemPath>
        </dependency>
        <dependency>
            <groupId>com.alibaba.nls</groupId>
            <artifactId>ushura</artifactId>
            <version>1.0</version>
            <scope>system</scope>
            <systemPath>${basedir}/lib/ushura-1.0.jar</systemPath>
        </dependency>
        <dependency>
            <groupId>com.taobao</groupId>
            <artifactId>logger.api</artifactId>
            <version>0.2.0</version>
            <scope>system</scope>
            <systemPath>${basedir}/lib/logger.api-0.2.0.jar</systemPath>
        </dependency>

        <dependency>
            <groupId>com.google.guava</groupId>
            <artifactId>guava</artifactId>
            <version>19.0</version>
        </dependency>
        <dependency>
            <groupId>org.apache.httpcomponents</groupId>
            <artifactId>httpclient</artifactId>
            <version>4.5</version>
        </dependency>

        <dependency>
            <groupId>com.alibaba.nls</groupId>
            <artifactId>nls-sdk-transcriber</artifactId>
            <version>2.1.9</version>
            <scope>system</scope>
            <systemPath>${basedir}/lib/nls-sdk-transcriber-2.1.9.jar</systemPath>
        </dependency>
        <dependency>
            <groupId>com.alibaba.nls</groupId>
            <artifactId>nls-sdk-common</artifactId>
            <version>2.1.9</version>
            <scope>system</scope>
            <systemPath>${basedir}/lib/nls-sdk-common-2.1.9.jar</systemPath>
        </dependency>
    </dependencies>

    <build>
        <plugins>
            <plugin>
                <artifactId>maven-assembly-plugin</artifactId>
                <version>3.0.0</version>
                <configuration>
                    <archive>
                        <manifest>
                            <mainClass>com.alibaba.nls.client.NlsVipServerClientDemo</mainClass>
                        </manifest>
                    </archive>

                    <descriptorRefs>
                        <descriptorRef>jar-with-dependencies</descriptorRef>
                    </descriptorRefs>

                </configuration>
                <executions>
                    <execution>
                        <id>make-assembly</id> <!-- this is used for inheritance merges -->
                        <phase>package</phase> <!-- bind to the packaging phase -->
                        <goals>
                            <goal>single</goal>
                        </goals>
                    </execution>
                </executions>
            </plugin>
        </plugins>
    </build>

</project>
