<?xml version="1.0" encoding="UTF-8"?>
<project xmlns="http://maven.apache.org/POM/4.0.0"
         xmlns:xsi="http://www.w3.org/2001/XMLSchema-instance"
         xsi:schemaLocation="http://maven.apache.org/POM/4.0.0 http://maven.apache.org/xsd/maven-4.0.0.xsd">
    <modelVersion>4.0.0</modelVersion>

    <parent>
        <groupId>com.alibaba.nls</groupId>
        <artifactId>nls-sdk-java-examples</artifactId>
        <version>2.0.0</version>
        <relativePath>../pom.xml</relativePath>
    </parent>

    <groupId>com.alibaba.nls</groupId>
    <artifactId>nls-example-recognizer</artifactId>

    <dependencies>
        <dependency>
            <groupId>com.alibaba.nls</groupId>
            <artifactId>nls-sdk-recognizer</artifactId>
            <version>2.1.9</version>
            <scope>system</scope>
            <systemPath>${basedir}/lib/nls-sdk-recognizer-2.1.9.jar</systemPath>
        </dependency>
        <dependency>
            <groupId>com.alibaba.nls</groupId>
            <artifactId>nls-sdk-common</artifactId>
            <version>2.1.9</version>
            <scope>system</scope>
            <systemPath>${basedir}/lib/nls-sdk-common-2.1.9.jar</systemPath>
        </dependency>
    </dependencies>

    <build>
        <plugins>
            <plugin>
                <artifactId>maven-assembly-plugin</artifactId>
                <version>3.0.0</version>
                <configuration>
                    <archive>
                        <manifest>
                            <mainClass>com.alibaba.nls.client.SpeechRecognizerDemo</mainClass>
                        </manifest>
                    </archive>

                    <descriptorRefs>
                        <descriptorRef>jar-with-dependencies</descriptorRef>
                    </descriptorRefs>

                </configuration>
                <executions>
                    <execution>
                        <id>make-assembly</id> <!-- this is used for inheritance merges -->
                        <phase>package</phase> <!-- bind to the packaging phase -->
                        <goals>
                            <goal>single</goal>
                        </goals>
                    </execution>
                </executions>
            </plugin>
        </plugins>
    </build>

</project>
